Route,Location,URL,Avg Stars,Your Stars,Route Type,Rating,Pitches,Length,Area Latitude,Area Longitude
The Young and the Bold,Collin's wall aka Parking lot wall > Sport/TR/Trad > Pictured Rocks > Iowa,https://www.mountainproject.com/route/106087003/the-young-and-the-bold,2.1,-1,Sport,5.8,1,30,42.20906,-91.1022
Lifetime Leisure Skillz,Collin's wall aka Parking lot wall > Sport/TR/Trad > Pictured Rocks > Iowa,https://www.mountainproject.com/route/106360437/lifetime-leisure-skillz,1.8,-1,Sport,5.8+ PG13,1,30,42.20906,-91.1022
Chicago Business Trip,Chicago Wall > Sport/TR/Trad > Pictured Rocks > Iowa,https://www.mountainproject.com/route/111711370/chicago-business-trip,2.9,-1,Sport,5.11a,1,50,42.2068,-91.10475
Kneel Before Zod,Chicago Wall > Sport/TR/Trad > Pictured Rocks > Iowa,https://www.mountainproject.com/route/111711440/kneel-before-zod,2.5,-1,Sport,5.11a,1,50,42.2068,-91.10475
Son of Jor-El,Chicago Wall > Sport/TR/Trad > Pictured Rocks > Iowa,https://www.mountainproject.com/route/111711418/son-of-jor-el,3.3,-1,Sport,5.11b,1,50,42.2068,-91.10475
Empty Pockets,Chicago Wall > Sport/TR/Trad > Pictured Rocks > Iowa,https://www.mountainproject.com/route/106087022/empty-pockets,3.2,-1,Sport,5.11c,1,,42.2068,-91.10475
Peek-a-boo,Wild Iowa Wall > Sport/TR/Trad > Pictured Rocks > Iowa,https://www.mountainproject.com/route/107726027/peek-a-boo,3,-1,TR,5.9,1,25,42.20952,-91.10185
Atropine,Wild Iowa Wall > Sport/TR/Trad > Pictured Rocks > Iowa,https://www.mountainproject.com/route/106087035/atropine,2.3,-1,Sport,5.10a,1,30,42.20952,-91.10185
Virgin Lemonade,Wild Iowa Wall > Sport/TR/Trad > Pictured Rocks > Iowa,https://www.mountainproject.com/route/106087040/virgin-lemonade,2.8,-1,Sport,5.10a,1,30,42.20952,-91.10185
Gotz Crack,Wild Iowa Wall > Sport/TR/Trad > Pictured Rocks > Iowa,https://www.mountainproject.com/route/106087166/gotz-crack,2.6,-1,"Trad, TR",5.10b,1,30,42.20952,-91.10185
Hot Tamale,Wild Iowa Wall > Sport/TR/Trad > Pictured Rocks > Iowa,https://www.mountainproject.com/route/106087173/hot-tamale,2.8,-1,Sport,5.10c,1,30,42.20952,-91.10185
Bird in Hand,Wild Iowa Wall > Sport/TR/Trad > Pictured Rocks > Iowa,https://www.mountainproject.com/route/106087180/bird-in-hand,3.4,-1,Sport,5.11b,1,30,42.20952,-91.10185
Kiss of the Prince,Wild Iowa Wall > Sport/TR/Trad > Pictured Rocks > Iowa,https://www.mountainproject.com/route/106087196/kiss-of-the-prince,2.7,-1,Sport,5.11b,1,30,42.20952,-91.10185
Wild Iowa,Wild Iowa Wall > Sport/TR/Trad > Pictured Rocks > Iowa,https://www.mountainproject.com/route/106087200/wild-iowa,2.3,-1,Sport,5.11b,1,30,42.20952,-91.10185
Hungry to Do,Wild Iowa Wall > Sport/TR/Trad > Pictured Rocks > Iowa,https://www.mountainproject.com/route/106087048/hungry-to-do,3.2,-1,Sport,5.11c PG13,1,30,42.20952,-91.10185
Space Critters,Mild Iowa Wall > Sport/TR/Trad > Pictured Rocks > Iowa,https://www.mountainproject.com/route/106395423/space-critters,2,-1,Trad,5.7+,1,40,42.2102,-91.10196
Mild Iowa,Mild Iowa Wall > Sport/TR/Trad > Pictured Rocks > Iowa,https://www.mountainproject.com/route/106087226/mild-iowa,2.2,-1,Sport,5.8,1,40,42.2102,-91.10196
Jugular,Mild Iowa Wall > Sport/TR/Trad > Pictured Rocks > Iowa,https://www.mountainproject.com/route/106087230/jugular,2.4,-1,Sport,5.8,1,40,42.2102,-91.10196
Whipper Snapper,Mild Iowa Wall > Sport/TR/Trad > Pictured Rocks > Iowa,https://www.mountainproject.com/route/106087222/whipper-snapper,2.1,-1,Sport,5.8+,1,40,42.2102,-91.10196
Tiny Dancer,A Wall > Sport/TR/Trad > Pictured Rocks > Iowa,https://www.mountainproject.com/route/121411058/tiny-dancer,2.8,-1,Sport,5.7,1,50,42.21089,-91.10204
Hope for a Boner,A Wall > Sport/TR/Trad > Pictured Rocks > Iowa,https://www.mountainproject.com/route/106087242/hope-for-a-boner,2.7,-1,Sport,5.10a,1,40,42.21089,-91.10204
Ghost Dancer,A Wall > Sport/TR/Trad > Pictured Rocks > Iowa,https://www.mountainproject.com/route/106087589/ghost-dancer,3,-1,Sport,5.11a,1,70,42.21089,-91.10204
Super Fly,A Wall > Sport/TR/Trad > Pictured Rocks > Iowa,https://www.mountainproject.com/route/106087593/super-fly,3.6,-1,Sport,5.11b,1,70,42.21089,-91.10204
Schoolio,Comic Gallery > Sport/TR/Trad > Pictured Rocks > Iowa,https://www.mountainproject.com/route/106087935/schoolio,2.6,-1,Sport,5.9,1,40,42.21069,-91.10186
Skeletor,Comic Gallery > Sport/TR/Trad > Pictured Rocks > Iowa,https://www.mountainproject.com/route/106087608/skeletor,2.3,-1,Sport,5.10a,1,30,42.21069,-91.10186
Three Strikes No Balls,Comic Gallery > Sport/TR/Trad > Pictured Rocks > Iowa,https://www.mountainproject.com/route/106087912/three-strikes-no-balls,3.3,-1,"Sport, TR",5.10a,1,40,42.21069,-91.10186
"Exquze me, do you have any Grey Poupon?",Comic Gallery > Sport/TR/Trad > Pictured Rocks > Iowa,https://www.mountainproject.com/route/106087921/exquze-me-do-you-have-any-grey-poupon,2.2,-1,Sport,5.10a,1,40,42.21069,-91.10186
The Buddha (aka Turn Me Loose),Comic Gallery > Sport/TR/Trad > Pictured Rocks > Iowa,https://www.mountainproject.com/route/106087926/the-buddha-aka-turn-me-loose,2.9,-1,Sport,5.10b,1,40,42.21069,-91.10186
Tazmanian Devil,Comic Gallery > Sport/TR/Trad > Pictured Rocks > Iowa,https://www.mountainproject.com/route/106087601/tazmanian-devil,2.9,-1,Sport,5.10d,1,30,42.21069,-91.10186
He Man,Comic Gallery > Sport/TR/Trad > Pictured Rocks > Iowa,https://www.mountainproject.com/route/106087613/he-man,2.8,-1,Sport,5.11b,1,30,42.21069,-91.10186
Flash,Comic Gallery > Sport/TR/Trad > Pictured Rocks > Iowa,https://www.mountainproject.com/route/106087618/flash,3.6,-1,Sport,5.11b,1,50,42.21069,-91.10186
Julie's Kiss,Comic Gallery > Sport/TR/Trad > Pictured Rocks > Iowa,https://www.mountainproject.com/route/106087906/julies-kiss,3.4,-1,Sport,5.11c,1,30,42.21069,-91.10186
Dirty Lid,Ice Cave Wall > Sport/TR/Trad > Pictured Rocks > Iowa,https://www.mountainproject.com/route/106580141/dirty-lid,2,-1,Trad,5.7,1,60,42.21159,-91.10246
A Dime A Dozen,Ice Cave Wall > Sport/TR/Trad > Pictured Rocks > Iowa,https://www.mountainproject.com/route/120652055/a-dime-a-dozen,2.5,-1,Sport,5.8,1,50,42.21159,-91.10246
Money Tree,Ice Cave Wall > Sport/TR/Trad > Pictured Rocks > Iowa,https://www.mountainproject.com/route/120652185/money-tree,3.1,-1,Sport,5.8,1,50,42.21159,-91.10246
Monticello Nickel,Ice Cave Wall > Sport/TR/Trad > Pictured Rocks > Iowa,https://www.mountainproject.com/route/120652089/monticello-nickel,2.8,-1,Sport,5.9,1,50,42.21159,-91.10246
Angst,Ice Cave Wall > Sport/TR/Trad > Pictured Rocks > Iowa,https://www.mountainproject.com/route/106087941/angst,1.7,-1,Sport,5.9+,1,30,42.21159,-91.10246
Tarzan,Shiprock > Sport/TR/Trad > Pictured Rocks > Iowa,https://www.mountainproject.com/route/106087950/tarzan,2.8,-1,Sport,5.7,1,50,42.21218,-91.10261
Jane,Shiprock > Sport/TR/Trad > Pictured Rocks > Iowa,https://www.mountainproject.com/route/120652329/jane,2.7,-1,Sport,5.7,1,30,42.21218,-91.10261
Social Distance,Shiprock > Sport/TR/Trad > Pictured Rocks > Iowa,https://www.mountainproject.com/route/118734603/social-distance,2.9,-1,"Trad, TR",5.8,1,80,42.21218,-91.10261
Over The Counter,Shiprock > Sport/TR/Trad > Pictured Rocks > Iowa,https://www.mountainproject.com/route/106087965/over-the-counter,2.9,-1,Sport,5.9 PG13,1,75,42.21218,-91.10261
Silk Road,Shiprock > Sport/TR/Trad > Pictured Rocks > Iowa,https://www.mountainproject.com/route/106087960/silk-road,2.8,-1,Sport,5.10b,1,70,42.21218,-91.10261
Winged Messenger,Flying Buttress > Sport/TR/Trad > Pictured Rocks > Iowa,https://www.mountainproject.com/route/106087975/winged-messenger,2.8,-1,"Sport, TR",5.10c,1,30,42.2128,-91.10265
Lost & Found,Flying Buttress > Sport/TR/Trad > Pictured Rocks > Iowa,https://www.mountainproject.com/route/111837403/lost-found,2.6,-1,Sport,5.11a,1,75,42.2128,-91.10265
Trespass  /  The Dispossessed,Windy Point > Sport/TR/Trad > Pictured Rocks > Iowa,https://www.mountainproject.com/route/106088405/trespass-the-dispossessed,2.8,-1,Sport,5.9,1,,42.21813,-91.09831
Hollywood on a Buck O' Five,Windy Point > Sport/TR/Trad > Pictured Rocks > Iowa,https://www.mountainproject.com/route/106088409/hollywood-on-a-buck-o-five,3.1,-1,Sport,5.9+,1,,42.21813,-91.09831
Datura,Windy Point > Sport/TR/Trad > Pictured Rocks > Iowa,https://www.mountainproject.com/route/106088375/datura,2.4,-1,Sport,5.10d,1,,42.21813,-91.09831
[Redacted],Windy Point > Sport/TR/Trad > Pictured Rocks > Iowa,https://www.mountainproject.com/route/106088400/redacted,3.5,-1,Sport,5.11a,1,,42.21813,-91.09831
Lesbian Knife Fight,Windy Point > Sport/TR/Trad > Pictured Rocks > Iowa,https://www.mountainproject.com/route/106088390/lesbian-knife-fight,3.5,-1,Sport,5.11d,1,,42.21813,-91.09831
Caught in the Crotch Fire,Windy Point > Sport/TR/Trad > Pictured Rocks > Iowa,https://www.mountainproject.com/route/106088395/caught-in-the-crotch-fire,2,-1,Sport,5.11d,1,,42.21813,-91.09831
For Gumbies Only,Gumby Wall > Sport/TR/Trad > Pictured Rocks > Iowa,https://www.mountainproject.com/route/106088416/for-gumbies-only,2.3,-1,Sport,5.10a,1,,42.20777,-91.10303
Gumby Deranged,Gumby Wall > Sport/TR/Trad > Pictured Rocks > Iowa,https://www.mountainproject.com/route/106088421/gumby-deranged,2.3,-1,Sport,5.10a,1,,42.20777,-91.10303
Gumby Does Pokey,Gumby Wall > Sport/TR/Trad > Pictured Rocks > Iowa,https://www.mountainproject.com/route/106088426/gumby-does-pokey,1.7,-1,Sport,5.10c,1,,42.20777,-91.10303
Gumby with a Drill,Gumby Wall > Sport/TR/Trad > Pictured Rocks > Iowa,https://www.mountainproject.com/route/107615449/gumby-with-a-drill,3.1,-1,Sport,5.11c,1,30,42.20777,-91.10303
Gumby With a Gun,Gumby Wall > Sport/TR/Trad > Pictured Rocks > Iowa,https://www.mountainproject.com/route/106088430/gumby-with-a-gun,3.1,-1,Sport,5.11d,1,,42.20777,-91.10303
No Gumbies Allowed,Gumby Wall > Sport/TR/Trad > Pictured Rocks > Iowa,https://www.mountainproject.com/route/106088434/no-gumbies-allowed,2.4,-1,Sport,5.11d,1,,42.20777,-91.10303
Echoes of Savages,Primal Wall > Sport/TR/Trad > Pictured Rocks > Iowa,https://www.mountainproject.com/route/110353750/echoes-of-savages,2.4,-1,Sport,5.7+,1,40,42.20825,-91.10433
Fresh Blood,Primal Wall > Sport/TR/Trad > Pictured Rocks > Iowa,https://www.mountainproject.com/route/110356644/fresh-blood,2.9,-1,Sport,5.10d,1,40,42.20825,-91.10433
Hindsight,2020 Wall > Sport/TR/Trad > Pictured Rocks > Iowa,https://www.mountainproject.com/route/120718830/hindsight,2.9,-1,Sport,5.8-,1,45,42.20829,-91.1026
Horrible chimney route,Boulevard Wall > Sport/TR/Trad > Indian Bluffs > Iowa,https://www.mountainproject.com/route/106873157/horrible-chimney-route,2.2,-1,Sport,5.8-,1,20,42.21775,-91.08184
Go Left,Boulevard Wall > Sport/TR/Trad > Indian Bluffs > Iowa,https://www.mountainproject.com/route/106279745/go-left,2.5,-1,Sport,5.10b,1,60,42.21775,-91.08184
Ward off,Boulevard Wall > Sport/TR/Trad > Indian Bluffs > Iowa,https://www.mountainproject.com/route/106279751/ward-off,3.6,-1,Sport,5.11b,1,60,42.21775,-91.08184
No Response,Boulevard Wall > Sport/TR/Trad > Indian Bluffs > Iowa,https://www.mountainproject.com/route/106281632/no-response,3.1,-1,Sport,5.11c,1,50,42.21775,-91.08184
Ordinary Freak,Boulevard Wall > Sport/TR/Trad > Indian Bluffs > Iowa,https://www.mountainproject.com/route/106281637/ordinary-freak,3.3,-1,Sport,5.11d,1,50,42.21775,-91.08184
[Redacted],Boulevard Wall > Sport/TR/Trad > Indian Bluffs > Iowa,https://www.mountainproject.com/route/106873152/redacted,3,-1,Sport,5.11d,1,20,42.21775,-91.08184
Doin' the Smurf,Mother Wall > Sport/TR/Trad > Indian Bluffs > Iowa,https://www.mountainproject.com/route/106934855/doin-the-smurf,2.3,-1,Sport,5.11a/b,1,40,42.21546,-91.08499
D.I.B. Doin It Backwards,Mother Wall > Sport/TR/Trad > Indian Bluffs > Iowa,https://www.mountainproject.com/route/110754872/dib-doin-it-backwards,1.5,-1,Sport,5.11b,1,55,42.21546,-91.08499
Death Blox,Mother Wall > Sport/TR/Trad > Indian Bluffs > Iowa,https://www.mountainproject.com/route/119734966/death-blox,3.1,-1,Sport,5.11,1,70,42.21546,-91.08499
C N Red,Mother Wall > Sport/TR/Trad > Indian Bluffs > Iowa,https://www.mountainproject.com/route/106934851/c-n-red,3.8,-1,Sport,5.11c,1,85,42.21546,-91.08499
Boiler,Blue Groove > Sport/TR/Trad > Indian Bluffs > Iowa,https://www.mountainproject.com/route/106935143/boiler,2.8,-1,Sport,5.11c,1,25,42.21402,-91.08124
Blue Groove,Blue Groove > Sport/TR/Trad > Indian Bluffs > Iowa,https://www.mountainproject.com/route/114525575/blue-groove,2,-1,Sport,5.11d,1,,42.21402,-91.08124
Spearhead,Boneless Chicken Ranch > Sport/TR/Trad > Indian Bluffs > Iowa,https://www.mountainproject.com/route/106272599/spearhead,2.4,-1,Sport,5.7,1,25,42.21836,-91.08123
Crap Attack,Boneless Chicken Ranch > Sport/TR/Trad > Indian Bluffs > Iowa,https://www.mountainproject.com/route/106272614/crap-attack,2.9,-1,Sport,5.8-,1,25,42.21836,-91.08123
Flavor Blasted Spermacide,Boneless Chicken Ranch > Sport/TR/Trad > Indian Bluffs > Iowa,https://www.mountainproject.com/route/106272595/flavor-blasted-spermacide,2.6,-1,Sport,5.9,1,45,42.21836,-91.08123
Between the Sheets,Boneless Chicken Ranch > Sport/TR/Trad > Indian Bluffs > Iowa,https://www.mountainproject.com/route/106272609/between-the-sheets,2.8,-1,Sport,5.11a,1,50,42.21836,-91.08123
Talent Show,Boneless Chicken Ranch > Sport/TR/Trad > Indian Bluffs > Iowa,https://www.mountainproject.com/route/106272620/talent-show,3.1,-1,Sport,5.11a,1,50,42.21836,-91.08123
Bat Attack,Boneless Chicken Ranch > Sport/TR/Trad > Indian Bluffs > Iowa,https://www.mountainproject.com/route/106272625/bat-attack,2.5,-1,Sport,5.11a,1,35,42.21836,-91.08123
Fighting Fish,Boneless Chicken Ranch > Sport/TR/Trad > Indian Bluffs > Iowa,https://www.mountainproject.com/route/106272590/fighting-fish,2.9,-1,Sport,5.11b,1,,42.21836,-91.08123
In Through the Outhole,Boneless Chicken Ranch > Sport/TR/Trad > Indian Bluffs > Iowa,https://www.mountainproject.com/route/106272604/in-through-the-outhole,1.3,-1,Sport,5.11b,1,50,42.21836,-91.08123
Praying Mantle Direct,The Dam Wall Bouldering > Bouldering > Palisades Kepler State Park > Iowa,https://www.mountainproject.com/route/124688780/praying-mantle-direct,3,-1,"TR, Boulder",5.7 V0 PG13,1,,41.90222,-91.50671
Old Gold,The Dam Wall Bouldering > Bouldering > Palisades Kepler State Park > Iowa,https://www.mountainproject.com/route/124965257/old-gold,4,-1,"TR, Boulder",5.9 V0+,1,15,41.90222,-91.50671
Kippered Devi,Outlook > Top-Rope/Trad > Palisades Kepler State Park > Iowa,https://www.mountainproject.com/route/106404883/kippered-devi,2.4,-1,TR,5.7,1,55,41.90999,-91.51209
Volsova Maneuver,Raccoon Cove > Top-Rope/Trad > Palisades Kepler State Park > Iowa,https://www.mountainproject.com/route/106415711/volsova-maneuver,2,-1,TR,5.7,1,25,41.91363,-91.50749
B.K.,Raccoon Cove > Top-Rope/Trad > Palisades Kepler State Park > Iowa,https://www.mountainproject.com/route/106415721/bk,2.5,-1,TR,5.8,1,,41.91363,-91.50749
Michael's Misery,Raccoon Cove > Top-Rope/Trad > Palisades Kepler State Park > Iowa,https://www.mountainproject.com/route/106407550/michaels-misery,3,-1,TR,5.9,1,25,41.91363,-91.50749
Cornell College Club Climb,Raccoon Cove > Top-Rope/Trad > Palisades Kepler State Park > Iowa,https://www.mountainproject.com/route/106415716/cornell-college-club-climb,3,-1,TR,5.10a,1,25,41.91363,-91.50749
Ronald,Golden Arches > Top-Rope/Trad > Palisades Kepler State Park > Iowa,https://www.mountainproject.com/route/106415729/ronald,2,-1,Trad,5.8 R,1,20,41.9085,-91.5084
Two all beef patties on a sesame seed bun,Golden Arches > Top-Rope/Trad > Palisades Kepler State Park > Iowa,https://www.mountainproject.com/route/106415741/two-all-beef-patties-on-a-sesame-seed-bun,2,-1,TR,5.9,1,25,41.9085,-91.5084
Timmies and Timmies,Old Quaker Area > Top-Rope/Trad > Palisades Kepler State Park > Iowa,https://www.mountainproject.com/route/112318001/timmies-and-timmies,2,-1,"Trad, TR",5.8 R,1,40,41.91076,-91.51088
Fissure of Orlando,Orlando Buttress (Four Points) > Top-Rope/Trad > Palisades Kepler State Park > Iowa,https://www.mountainproject.com/route/113486572/fissure-of-orlando,2,-1,"Trad, TR",5.7,1,30,41.90355,-91.5096
Orlando's Left Cheek,Orlando Buttress (Four Points) > Top-Rope/Trad > Palisades Kepler State Park > Iowa,https://www.mountainproject.com/route/120696338/orlandos-left-cheek,2,-1,"Trad, TR",5.9+,1,30,41.90355,-91.5096
Henry Barber,Sistine Grapple > Top-Rope/Trad > Palisades Kepler State Park > Iowa,https://www.mountainproject.com/route/121199542/henry-barber,4,-1,Trad,5.8,1,40,41.91194,-91.509
Sistine Grapple,Sistine Grapple > Top-Rope/Trad > Palisades Kepler State Park > Iowa,https://www.mountainproject.com/route/121210278/sistine-grapple,4,-1,"TR, Aid",5.8 A3 X,1,45,41.91194,-91.509
The Twenty Dollar Lesson,Sistine Grapple > Top-Rope/Trad > Palisades Kepler State Park > Iowa,https://www.mountainproject.com/route/121210323/the-twenty-dollar-lesson,-1,-1,"Trad, TR, Aid",5.8 A3,1,30,41.91194,-91.509
Pete Cleveland,Sistine Grapple > Top-Rope/Trad > Palisades Kepler State Park > Iowa,https://www.mountainproject.com/route/121210544/pete-cleveland,4,-1,"Trad, TR",5.1,1,40,41.91194,-91.509
Homerun,Softball Crags > Dubuque > Iowa,https://www.mountainproject.com/route/106383285/homerun,3,-1,TR,5.8,1,55,42.4777,-90.6603
420 Cliff,Cattesse Hollow > Dubuque > Iowa,https://www.mountainproject.com/route/106394939/420-cliff,2,-1,TR,5.7,1,40,42.4408,-90.6218
Crack face,Cattesse Hollow > Dubuque > Iowa,https://www.mountainproject.com/route/106394921/crack-face,3,-1,"Trad, TR",5.1,1,50,42.4408,-90.6218
Stairway to Heaven,Drive In Wall > Top-Rope/Trad > Backbone State Park > Iowa,https://www.mountainproject.com/route/106956280/stairway-to-heaven,2.5,-1,"Trad, TR",5.7,1,60,42.614,-91.5625
Spinal Tap,Drive In Wall > Top-Rope/Trad > Backbone State Park > Iowa,https://www.mountainproject.com/route/106956299/spinal-tap,2,-1,"Trad, TR",5.7+,1,60,42.614,-91.5625
Slot Machine,Drive In Wall > Top-Rope/Trad > Backbone State Park > Iowa,https://www.mountainproject.com/route/106956271/slot-machine,2.5,-1,"Trad, TR",5.8,1,70,42.614,-91.5625
A-Wall,Drive In Wall > Top-Rope/Trad > Backbone State Park > Iowa,https://www.mountainproject.com/route/106956228/a-wall,2.6,-1,"Trad, TR",5.10a R,1,65,42.614,-91.5625
Lefty and Poncho,Drive In Wall > Top-Rope/Trad > Backbone State Park > Iowa,https://www.mountainproject.com/route/106956212/lefty-and-poncho,2,-1,"Trad, TR",5.10b R,1,70,42.614,-91.5625
Nemesis,Drive In Wall > Top-Rope/Trad > Backbone State Park > Iowa,https://www.mountainproject.com/route/106956249/nemesis,2,-1,TR,5.11c,1,65,42.614,-91.5625
Shagadelic Humper Bumper,Cake Walk and Razor Wall > Top-Rope/Trad > Backbone State Park > Iowa,https://www.mountainproject.com/route/106956324/shagadelic-humper-bumper,3,-1,TR,5.8,1,60,42.614,-91.5625
The Razor,Cake Walk and Razor Wall > Top-Rope/Trad > Backbone State Park > Iowa,https://www.mountainproject.com/route/106956330/the-razor,2.7,-1,TR,5.8,1,70,42.614,-91.5625
Monster Crack,Backbone West > Devil's Backbone > Top-Rope/Trad > Backbone State Park > Iowa,https://www.mountainproject.com/route/112062265/monster-crack,3,-1,"Trad, TR",5.10c,1,70,42.614,-91.5625
Devil's Hideaway,Backbone West > Devil's Backbone > Top-Rope/Trad > Backbone State Park > Iowa,https://www.mountainproject.com/route/107717918/devils-hideaway,3,-1,"Trad, TR",5.11b,1,65,42.614,-91.5625
Herniated Disk,Backbone East > Devil's Backbone > Top-Rope/Trad > Backbone State Park > Iowa,https://www.mountainproject.com/route/106957884/herniated-disk,2.7,-1,"Trad, TR",5.7,1,40,42.61316,-91.56035
Cole's Calamity,Backbone East > Devil's Backbone > Top-Rope/Trad > Backbone State Park > Iowa,https://www.mountainproject.com/route/106957920/coles-calamity,1,-1,"Trad, TR",5.7,1,30,42.61316,-91.56035
Glenoid's Labrum,Backbone East > Devil's Backbone > Top-Rope/Trad > Backbone State Park > Iowa,https://www.mountainproject.com/route/106957926/glenoids-labrum,2,-1,TR,5.8,1,30,42.61316,-91.56035
Feces Mammalius,Backbone East > Devil's Backbone > Top-Rope/Trad > Backbone State Park > Iowa,https://www.mountainproject.com/route/106957937/feces-mammalius,1,-1,"Trad, TR",5.8,1,35,42.61316,-91.56035
Compound Fracture,Backbone East > Devil's Backbone > Top-Rope/Trad > Backbone State Park > Iowa,https://www.mountainproject.com/route/106957875/compound-fracture,2,-1,TR,5.9,1,30,42.61316,-91.56035
Temple of Doom,Backbone East > Devil's Backbone > Top-Rope/Trad > Backbone State Park > Iowa,https://www.mountainproject.com/route/106957914/temple-of-doom,2,-1,"Trad, TR",5.9,1,40,42.61316,-91.56035
And Then She Fell,Backbone East > Devil's Backbone > Top-Rope/Trad > Backbone State Park > Iowa,https://www.mountainproject.com/route/106957905/and-then-she-fell,3,-1,TR,5.10b,1,40,42.61316,-91.56035
Pink Short Power Walker,Cabin 7 > South Gate > East Lake Trail > Top-Rope/Trad > Backbone State Park > Iowa,https://www.mountainproject.com/route/125704858/pink-short-power-walker,4,-1,TR,5.1,1,35,42.60693,-91.53853
Spicy Onion,Onion Buttress > Top-Rope/Trad > Backbone State Park > Iowa,https://www.mountainproject.com/route/126654311/spicy-onion,4,-1,"Trad, TR",5.10a/b,1,40,42.61571,-91.56081
Yellow Peril: Free standing pillar,Chimney Rocks > Iowa,https://www.mountainproject.com/route/106673267/yellow-peril-free-standing-pillar,3,-1,Trad,5.8 R,1,40,43.4305,-91.9346
To Di For,Hoot Bluff > Sport/Trad > Ozark Wildlife Area > Iowa,https://www.mountainproject.com/route/106271185/to-di-for,2.3,-1,Sport,5.7,1,25,42.1989,-90.8615
Sword in the Stone,Hoot Bluff > Sport/Trad > Ozark Wildlife Area > Iowa,https://www.mountainproject.com/route/120694860/sword-in-the-stone,2.5,-1,Trad,5.7,1,25,42.1989,-90.8615
Bad to the Bone,Hoot Bluff > Sport/Trad > Ozark Wildlife Area > Iowa,https://www.mountainproject.com/route/106271146/bad-to-the-bone,2.3,-1,Sport,5.10a,1,30,42.1989,-90.8615
Happy Toes,Hoot Bluff > Sport/Trad > Ozark Wildlife Area > Iowa,https://www.mountainproject.com/route/106271203/happy-toes,3.3,-1,Sport,5.10a,1,25,42.1989,-90.8615
Bone Yard,Hoot Bluff > Sport/Trad > Ozark Wildlife Area > Iowa,https://www.mountainproject.com/route/106271207/bone-yard,3,-1,Sport,5.10a,1,40,42.1989,-90.8615
Blastoid,Hoot Bluff > Sport/Trad > Ozark Wildlife Area > Iowa,https://www.mountainproject.com/route/106271211/blastoid,3,-1,Sport,5.10a,1,40,42.1989,-90.8615
Big Muddy,Hoot Bluff > Sport/Trad > Ozark Wildlife Area > Iowa,https://www.mountainproject.com/route/106271219/big-muddy,2.9,-1,Sport,5.10a,1,35,42.1989,-90.8615
Power Surge,Hoot Bluff > Sport/Trad > Ozark Wildlife Area > Iowa,https://www.mountainproject.com/route/106271177/power-surge,2.6,-1,Sport,5.10b,1,30,42.1989,-90.8615
Blue Skies,Hoot Bluff > Sport/Trad > Ozark Wildlife Area > Iowa,https://www.mountainproject.com/route/106271181/blue-skies,2,-1,Sport,5.10c,1,25,42.1989,-90.8615
Liberal Tendencies,Hoot Bluff > Sport/Trad > Ozark Wildlife Area > Iowa,https://www.mountainproject.com/route/106271155/liberal-tendencies,3.6,-1,Sport,5.11a,1,30,42.1989,-90.8615
Deer Crossing,Hoot Bluff > Sport/Trad > Ozark Wildlife Area > Iowa,https://www.mountainproject.com/route/106271163/deer-crossing,3.1,-1,Sport,5.11b,1,30,42.1989,-90.8615
Turn to Stone,Hoot Bluff > Sport/Trad > Ozark Wildlife Area > Iowa,https://www.mountainproject.com/route/106271190/turn-to-stone,4,-1,Sport,5.11b,1,25,42.1989,-90.8615
Happy Hooking,Hoot Bluff > Sport/Trad > Ozark Wildlife Area > Iowa,https://www.mountainproject.com/route/106271173/happy-hooking,2.8,-1,Sport,5.11c,1,25,42.1989,-90.8615
Caution When Flashing,Hoot Bluff > Sport/Trad > Ozark Wildlife Area > Iowa,https://www.mountainproject.com/route/106271194/caution-when-flashing,2.7,-1,Sport,5.11d,1,30,42.1989,-90.8615
Today,Hoot Bluff > Sport/Trad > Ozark Wildlife Area > Iowa,https://www.mountainproject.com/route/106271226/today,2.8,-1,Sport,5.11d,1,30,42.1989,-90.8615
Whippa Time,187 Crag > Sport/Trad > Ozark Wildlife Area > Iowa,https://www.mountainproject.com/route/109515232/whippa-time,3.5,-1,Sport,5.10d,1,40,42.19538,-90.8596
Aggregating Anenome,187 Crag > Sport/Trad > Ozark Wildlife Area > Iowa,https://www.mountainproject.com/route/114444976/aggregating-anenome,3.6,-1,Sport,5.10d,1,60,42.19538,-90.8596
Bottomed Out,187 Crag > Sport/Trad > Ozark Wildlife Area > Iowa,https://www.mountainproject.com/route/109532030/bottomed-out,3.4,-1,Sport,5.11a,1,50,42.19538,-90.8596
Out of Touch,187 Crag > Sport/Trad > Ozark Wildlife Area > Iowa,https://www.mountainproject.com/route/109532100/out-of-touch,3,-1,Sport,5.11b,1,40,42.19538,-90.8596
Xenophobe,187 Crag > Sport/Trad > Ozark Wildlife Area > Iowa,https://www.mountainproject.com/route/109515261/xenophobe,2.5,-1,Sport,5.11b/c,1,40,42.19538,-90.8596
Night Skies,187 Crag > Sport/Trad > Ozark Wildlife Area > Iowa,https://www.mountainproject.com/route/109531932/night-skies,3.3,-1,Sport,5.11d,1,45,42.19538,-90.8596
The Yin,187 Crag > Sport/Trad > Ozark Wildlife Area > Iowa,https://www.mountainproject.com/route/109532038/the-yin,3.8,-1,Sport,5.11d,1,50,42.19538,-90.8596
Testing 2,Toofun Wall > Sport/Trad > Ozark Wildlife Area > Iowa,https://www.mountainproject.com/route/122108906/testing-2,4,-1,Sport,5.7,1,25,42.19693,-90.85873
Testing 5,Toofun Wall > Sport/Trad > Ozark Wildlife Area > Iowa,https://www.mountainproject.com/route/122108964/testing-5,4,-1,Sport,5.1,1,30,42.19693,-90.85873
Booga Suga,Toofun Wall > Sport/Trad > Ozark Wildlife Area > Iowa,https://www.mountainproject.com/route/122108946/booga-suga,4,-1,Sport,5.11,1,30,42.19693,-90.85873
Unknown,Hatchery Buttress > Chuck Gipp Decorah Fish Hatchery Wall > Decorah > Iowa,https://www.mountainproject.com/route/124426801/unknown,4,-1,"Sport, TR",5.7,1,60,43.27338,-91.77697
Moss Rock,Mossy Glen > Iowa,https://www.mountainproject.com/route/122982345/moss-rock,4,-1,"Trad, TR",5.9-,1,35,42.70639,-91.42481
Ring Trilogy,Dows Preserve > Dows > Iowa,https://www.mountainproject.com/route/113690469/ring-trilogy,3.5,-1,Trad,5.7,1,40,41.902,-91.51687
Melanie,Dows Preserve > Dows > Iowa,https://www.mountainproject.com/route/120696436/melanie,4,-1,"Trad, TR",5.7,1,30,41.902,-91.51687
Melania,Dows Preserve > Dows > Iowa,https://www.mountainproject.com/route/120696494/melania,3,-1,"Trad, TR",5.10- R,1,30,41.902,-91.51687
Grab My Leg,Cedar Valley Boulder > Iowa,https://www.mountainproject.com/route/123019265/grab-my-leg,3,-1,"TR, Boulder",5.8 V1-,1,25,41.73342,-91.24771
Spiral Fracture,Cedar Valley Boulder > Iowa,https://www.mountainproject.com/route/123019358/spiral-fracture,4,-1,"TR, Boulder",5.10 V2,1,40,41.73342,-91.24771
Lithographic,Cedar Valley Boulder > Iowa,https://www.mountainproject.com/route/123019451/lithographic,4,-1,"TR, Boulder",5.10 V2-3,1,25,41.73342,-91.24771
Off the Couch,Cedar Valley Boulder > Iowa,https://www.mountainproject.com/route/123019502/off-the-couch,4,-1,"TR, Boulder",5.10 V1+,1,20,41.73342,-91.24771
Grab the Bull by the Horn,Cedar Valley Boulder > Iowa,https://www.mountainproject.com/route/123019612/grab-the-bull-by-the-horn,3,-1,"TR, Boulder",5.10 V2,1,25,41.73342,-91.24771
Mono e Mono,Cedar Valley Boulder > Iowa,https://www.mountainproject.com/route/123019654/mono-e-mono,4,-1,"TR, Boulder",5.10 V3-4,1,25,41.73342,-91.24771
Lip Service,Cedar Valley Boulder > Iowa,https://www.mountainproject.com/route/123019744/lip-service,4,-1,"TR, Boulder",5.10 V3,1,25,41.73342,-91.24771
